domanda;risp_A;risp_B;risp_C;risp_corretta;pti
"Attraverso quali vie può avvenire un'intossicazione acuta?";"Solamente per ingestione";"Attraverso la pelle, per ingestione e attraverso l'apparato respiratorio";"Solamente attraverso la pelle";"B";"2"
"Al termine dei trattamenti cosa occorre fare prima di mangiare, bere, fumare o compiere atti fisiologici?";"Nel caso in cui siano stati distribuiti prodotti poco tossici non occorre adottare alcuna precauzione";"Togliersi sempre i DPI, gli indumenti contaminati e lavarsi accuratamente possibilmente facendo una doccia";"Lasciar trascorrere alcune ore prima di mangiare, bere, fumare";"B";"1"
"Usando prodotti fitosanitari, se capita di bagnarsi con la nube irrorante, quali precauzioni bisogna seguire?";"È sufficiente cambiarsi gli indumenti protettivi";"Sospendere il lavoro, lavarsi accuratamente e cambiarsi gli indumenti";"Spogliarsi ed asciugarsi con un panno asciutto";"B";"3"
"Come si deve comportare l'operatore al termine di ogni trattamento?";"Lavarsi le mani";"Spogliarsi e lavarsi abbondantemente con acqua e sapone (possibilmente doccia)";"Nessuna precauzione perché al termine dei trattamenti non si corre alcun pericolo";"B";"1"
"Quale manutenzione richiede la maschera che viene usata durante i trattamenti?";"Bisogna lavare accuratamente il filtro";"Bisogna svitare il filtro, lavare la parte portante dopo l'uso e sostituire il filtro seguendo le indicazioni del produttore";"Deve essere revisionata almeno una volta all'anno e il filtro deve essere sostituito ogni volta.";"B";"3"
"Cosa deve fare l'utilizzatore di una maschera con filtro ""antigas"" efficace contro i vapori organici?";"Sostituire il filtro alla data di scadenza";"Se il filtro non è mai stato usato non è necessario sostituirlo alla data di scadenza";"Verificare la tenuta della maschera alla scadenza del filtro";"A";"2"
"L'utilizzatore di un facciale filtrante con filtro ""antipolvere-antigas""...";"è inutile che si accerti della data di scadenza";"deve verificare che sia adeguato al rischio e, se il filtro è già stato usato, accertarsi che sia stato conservato correttamente";"deve solo accertarsi che il filtro sia integro";"B";"1"
"Un utilizzatore con barba quale DPI deve utilizzare per la protezione delle vie respiratorie?";"Semimaschera";"Casco";"Maschera in tessuto non tessuto";"B";"2"
"Durante il trasporto dei prodotti fitosanitari acquistati è necessario disporre di Dispositivi di Protezione Individuale?";"Si, perché in caso di rottura delle confezioni e/o sversamenti è necessario indossare i DPI";"Solo se si sono acquistati prodotti fitosanitari sfusi";"Mai, perché la fase di trasporto non rientra tra quelle a rischio di contatto con il prodotto fitosanitario";"A";"2"
"Con quale colore è contrassegnato un filtro per vapori organici?";"Marrone";"Grigio";"Verde";"A";"3"
"Quale colore e quale lettera identificano un filtro per polveri?";"Bianco A";"Bianco P";"Marrone A";"B";"3"
"Nel caso di utilizzo dei filtri combinati per polveri e vapori organici, questi come devono essere posizionati?";"È indifferente";"Sul corpo della maschera deve essere montato il filtro per polveri e sul filtro per polveri deve essere montato il filtro per vapori organici";"Sul corpo della maschera deve essere montato il filtro per vapori organici e sul filtro per vapori organici deve essere montato il filtro per polveri";"C";"3"
"Cosa indicano i numeri posti nei filtri dopo la lettera che li contraddistingue (es. A1, P2, A2P2)?";"Indicano la classe di appartenenza e nel caso dei filtri antivapori identificano la quantità di contaminante che il filtro non è in grado di adsorbire";"Nei filtri antipolvere forniscono l'indicazione dei tempi di saturazione del filtro";"Indicano il grado di efficienza e nel caso dei filtri antivapori identificano la capacità filtrante";"C";"3"
"In caso di trattamenti in serra non provvista di impianto di irrorazione automatizzato, quali mezzi di protezione individuale delle vie respiratorie è opportuno utilizzare?";"Casco elettroventilato";"Mascherina facciale filtrante";"Maschera con facciale completo";"A";"1"
"Come è consigliabile che sia la tuta protettiva degli addetti ai trattamenti?";"Di fattura comune, preferibilmente in tessuto in modo da essere traspirante ed evitare l'eccessiva sudorazione dell'operatore";"Impermeabile e possibilmente in due pezzi in modo da agevolare i movimenti durante il lavoro";"In materiale speciale e adatta allo stato fisico del prodotto chimico utilizzato (gassoso, liquido o solido), alla quantità utilizzata e alla pressione di utilizzo";"C";"1"
"Relativamente ai DPI per la protezione del corpo, quale delle seguenti affermazioni è corretta?";"Le tute di Tipo 1 sono quelle con minor grado di protezione.";"Generalmente per le più comuni pratiche fitoiatriche è sufficiente l'impiego di una tuta di Tipo 2";"Generalmente per le più comuni pratiche fitoiatriche è sufficiente l'impiego di una tuta con grado di protezione di Tipo 3, 4, 5, 6";"C";"1"
"Durante l'impiego dei prodotti fitosanitari, quali sono i guanti più comunemente impiegati?";"Gomma nitrilica";"Gomma nitrilica rivestiti internamente in cotone rigorosamente di III categoria";"Compatibilmente con quanto rilevato durante la valutazione del rischio i guanti sono generalmente in gomma nitrilica e neoprene";"C";"2"
"Durante l'esecuzione di un trattamento a mezzo di trattrice non cabinata, gli occhiali protettivi devono essere indossati:";"nei casi in cui non siano usati il casco, la maschera con facciale completo o la visiera;";"non vanno mai indossati";"solo in caso di distribuzione di prodotti fitosanitari irritanti per gli occhi";"A";"1"
"Nei trattori, la cabina pressurizzata con sistema di filtraggio idoneo:";"è un dispositivo di protezione individuale";"non è un dispositivo di protezione collettiva";"è un dispositivo di protezione collettiva";"C";"1"
"Non rispettando le norme sull'uso dei prodotti fitosanitari a quali rischi si sottopone l'operatore?";"Nessun inconveniente";"Intossicazione acuta o cronica";"Solo lievi disturbi";"B";"1"
"Coloro che effettuano trattamenti, o comunque lavorano in ambiente contaminato da prodotti fitosanitari, possono assumere farmaci?";"Sì, in quanto non hanno nulla a che vedere con i prodotti fitosanitari che si danno alle piante";"Si, se si deve fare un ciclo di cure al quale si è abituati";"Si, comunque informandone prima il medico per evitare eventuali interferenze.";"C";"2"
"E' opportuno che una donna in gestazione o in allattamento collabori ai trattamenti?";"Si, se vengono utilizzati prodotti fitosanitari autorizzati in agricoltura biologica";"Si, se provvista di dispositivi di protezione individuali";"No, in nessun caso";"C";"1"
"I prodotti fitosanitari sono suscettibili ad incendiarsi e, comunque, possono bruciare?";"No, è un rischio non riportato in etichetta";"Si, ma solo i liquidi preparati con solventi come lo xilolo";"Sì, alcuni possono autoincendiarsi, e comunque moltissimi possono bruciare se innescati";"C";"3"
"I DPI che appartengono alla 3^ categoria";"sono quelli che offrono garanzie di protezioni maggiori in termini di sicurezza ma che non sono sottoposti a prove di resistenza";"sono quelli che presentano maggiore resistenza al rischio di abrasione";"sono quelli di progettazione complessa destinati a salvaguardare dai rischi di morte o di lesioni gravi e di carattere permanente, riconoscibili dalla marcatura CE";"C";"2"
"Relativamente alla gestione dei DPI";"il lavoratore deve prevedere luoghi in cui riporre gli stessi cosicché da garantire una corretta pulizia";"il lavoratore deve provvedere alla corretta custodia e manutenzione secondo le indicazioni fornite dal datore di lavoro e riporli in luoghi idonei e dotati di attrezzature adeguate (spogliatoi e armadietti).";"il lavoratore deve riporli appesi in luogo fresco e riparato";"B";"1"
"Considerato che i DPI utilizzati dagli addetti ai trattamenti fitosanitari rientrano tra i DPI 3^ categoria, il datore di lavoro deve anche:";"sottoporre i lavoratori a corsi di formazione e informazione e addestramento";"sottoporre i lavoratori a corsi di formazione, informazione e sorveglianza sanitaria";"sottoporre i lavoratori a corsi di formazione, informazione";"A";"1"
"Lo stoccaggio dei prodotti fitosanitari:";"se i prodotti non sono pericolosi, può avvenire negli stessi locali dedicati allo stoccaggio di mangimi";"deve avvenire nei contenitori originali, con etichette integre e leggibili, in locali o armadi dedicati";"deve prevedere il posizionamento dei prodotti su ripiani inferiori rispetto ai mangimi così da garantire un facile recupero in caso di sversamento.";"B";"2"
"Quali sono le problematiche a cui occorre dare priorità durante la predisposizione del locale dei prodotti fitosanitari?";"Prevedere idonei DPI da utilizzarsi durante l'utilizzo dei prodotti fitosanitari";"Prevenire la contaminazione dei corpi idrici e dei lavoratori addetti.";"Prevenire la contaminazione dei corpi idrici e della rete fognaria e prevedere misure di sicurezza per la protezione dell'operatore e delle persone che lo circondano.";"C";"2"
"Quali sono i Requisiti Essenziali di Sicurezza (RES) che l'utilizzatore dei DPI deve verificare?";"La presenza della dichiarazione di conformità, della nota informativa e della marcatura CE sia sul DPI che sull'imballaggio";"La presenza della dichiarazione di conformità";"La presenza della nota informativa";"A";"1"
"Quale fra queste è la situazione più sicura per eseguire la preparazione della miscela e il riempimento del serbatoio?";"Su una piazzola appositamente predisposta.";"Ovunque, basta impiegare adeguati accorgimenti per evitare la contaminazione delle fonti di acqua con i prodotti fitosanitari.";"Nel luogo più vicino possibile al campo da trattare";"A";"3"
"In quali fasi dell'impiego dei prodotti fitosanitari occorre indossare i DPI ?";"Acquisto e trasporto, miscelazione/riempimento, applicazione e pulizia";"Miscelazione/riempimento, applicazione e conservazione";"Miscelazione/riempimento ed eventuale attività di controllo in campo nel tempo di rientro";"C";"3"
"Che cosa indicano le frasi H in una etichetta?";"Il livello di pericolo di un prodotto fitosanitario";"I consigli di prudenza da adottare durante l'uso dei prodotti fitosanitari";"Il livello di rischio collegato all'utilizzo del prodotto fitosanitario";"A";"2"
"Soffiare dentro gli ugelli di distribuzione otturati, è corretto?";"No, in nessun caso, per il grave rischio di intossicazione";"Sì, ma solo se non si usano prodotti pericolosi per ingestione";"Si, a condizione che si utilizzino i DPI";"A";"2"
"Che cosa indicano le frasi P in una etichetta?";"I consigli di prudenza per prevenire gli effetti nocivi conseguenti all'impiego di un prodotto fitosanitario";"Il livello di pericolo di un prodotto fitosanitario";"Il divieto di utilizzare il prodotto in pieno campo";"A";"1"
"Nel caso dell'insorgere di un malessere che si ritiene in qualche modo collegato con l'impiego di prodotti fitosanitari come è opportuno comportarsi?";"Provocare il vomito e mettersi a riposo";"Bere del latte e distendersi per qualche ora";"Rivolgersi al pronto soccorso mostrando le schede di sicurezza dei prodotti utilizzati";"C";"3"
"Cosa si deve fare nel caso in cui il prodotto fitosanitario entri in contatto con gli occhi dell'operatore?";"Attenersi a quanto riportato nella scheda di sicurezza";"Mettere il collirio";"Attenersi a quanto riportato nella etichetta";"A";"2"
"Quali rischi può comportare l'ingestione di alcolici durante i trattamenti con prodotti fitosanitari?";"Nessun rischio";"Interazione tossica fra alcol etilico e prodotto fitosanitario";"Disturbi gastroenterici";"B";"1"
"Quali provvedimenti immediati occorre adottare se durante i trattamenti con prodotti fitosanitari compaiono chiazze cutanee (arrossamenti della pelle e bolle)?";"Il soggetto si deve allontanare dalla fonte di contaminazione e lavare accuratamente le superfici cutanee interessate con acqua e sapone neutro";"Il soggetto deve cospargere immediatamente le superfici cutanee interessate con una pomata medicata";"Il soggetto deve lavare le parti cutanee interessate con alcol";"A";"2"
"In caso di trattamenti in presenza dei corsi d'acqua, per evitare di contaminarli, è necessario:";"salvo specifiche indicazioni previste dalle normative, rispettare la distanza indicata in etichetta";"trattare fino al bordo dell'acqua";"non effettuare trattamenti";"A";"1"
"I trattamenti con prodotti fitosanitari possono essere dannosi per le api?";"No, se si usano insetticidi per contatto";"Si, sempre";"Si, se nella coltura trattata è presente melata";"C";"2"
"Sono consentiti i trattamenti con prodotti fitosanitari tossici per le api durante il periodo della fioritura della coltura?";"Si, ma solo su colture non visitate dalle api (come, ad esempio, il frumento)";"Sì, ad esclusione dei frutteti";"No, in nessun caso";"C";"2"
"E' permesso prelevare acqua dai fossi o dai canali direttamente con mezzi irroranti?";"No";"Si, purché si lavi prima dell'uso il tubo aspirante";"Sì, utilizzando tecniche o dispositivi idonei ad evitare la contaminazione della fonte idrica";"C";"1"
"I contenitori usati dei prodotti fitosanitari, conferiti a una ditta specializzata, devono:";"essere accompagnati solo dalla bolla di trasporto";"essere accompagnati dal formulario di identificazione dei rifiuti";"essere accompagnati dalla fattura di acquisto";"B";"1"
"Il produttore dei rifiuti:";"è responsabile degli stessi fino al momento dell'accettazione da parte dell'impianto di destinazione";"è responsabile degli stessi fino alla consegna alla ditta specializzata";"può avvalersi di una ditta specializzata e non avere più responsabilità";"A";"3"
"Per evitare danni alle api è vietato effettuare trattamenti insetticidi in un frutteto:";"quando la vegetazione sottostante è in fioritura";"prima della fioritura del frutteto in assenza di vegetazione sottostante";"quando la temperatura atmosferica è inferiore a 3 gradi centigradi";"A";"3"
"Quali sono le modalità attraverso le quali i prodotti fitosanitari si disperdono nell'ambiente?";"Deriva, volatilità, ruscellamento e percolazione";"Contatto, asfissia e ingestione";"Deriva e ingestione";"A";"3"
"E' possibile irrorare una coltura in presenza di vento?";"Si, a seconda della direzione del vento";"Si, osservando l'anemometro";"No";"C";"3"
"Gli imballaggi dei prodotti fitosanitari possono essere utilizzati per altri scopi?";"Si, ma solo quelli di prodotti fitosanitari ammessi in agricoltura biologica";"Si, purché non siano adibiti a contenere sostanze alimentari";"No, mai";"C";"3"
"Quali limitazioni specifiche occorre adottare sull'utilizzo di prodotti fitosanitari in prossimità di zone frequentate dalla popolazione?";"Nessuna limitazione se il prodotto fitosanitario è biologico";"Nessuna limitazione in particolare se la distanza da queste zone è superiore a 30m";"Prendere precauzioni affinché la nube irrorante non fuoriesca dall'appezzamento irrorato";"C";"3"
"I contenitori dei prodotti fitosanitari dopo l'uso debbono essere:";"bonificati, custoditi in un deposito temporaneo per un massimo di 20 giorni e smaltiti come rifiuti indifferenziati";"bonificati e inceneriti presso l'azienda";"bonificati e conferiti ad una ditta autorizzata al loro smaltimento";"C";"3"
"Cosa occorre fare dell'acqua di lavaggio derivante dalla bonifica dei contenitori vuoti di prodotti fitosanitari?";"Deve essere scaricata per terra, avendo cura di non bagnarsi con eventuali schizzi";"Deve essere versata nella miscela preparata per effettuare il trattamento";"E' possibile scaricarla in fognatura o nel pozzetto dell'area attrezzata";"B";"2"
"Entro quanto tempo dal trattamento deve essere aggiornato il registro dei trattamenti?";"Entro 20 giorni e comunque deve essere sempre a disposizione in caso di controlli in campo per la condizionalità";"Entro 30 giorni e comunque entro la raccolta deve essere a disposizione e completato a richiesta dell'autorità";"Entro la settimana successiva l'effettuazione del trattamento";"B";"3"
"I contenitori vuoti di prodotti fitosanitari possono rimanere in deposito temporaneo presso l'azienda...";"all'aperto, purché confinati entro la proprietà privata";"all'aperto, sotto coperture provvisorie";"in ambienti con requisiti tali da impedire qualsiasi dispersione e per un periodo massimo di un anno";"C";"1"
"Il formulario di trasporto dei rifiuti deve essere redatto...";"in due esemplari, uno per il produttore ed uno per il trasportatore";"in tre esemplari, uno per il produttore, uno per il trasportatore ed uno per lo smaltitore";"in quattro esemplari, uno per il produttore, due per il trasportatore ed uno per lo smaltitore";"C";"2"
"Quali fra i seguenti sono tutti prodotti fitosanitari?";"Concimi, insetticidi e diserbanti";"Acaricidi, nematocidi e fitoregolatori";"Prodotti antiparassitari per uso zootecnico e diserbanti";"B";"1"
"A cosa serve un prodotto fitosanitario insetticida?";"A combattere gli insetti degli animali";"A combattere malattie crittogamiche";"A combattere gli insetti dannosi alle piante coltivate";"C";"3"
"A cosa serve un prodotto fitosanitario erbicida?";"A controllare o eliminare le erbe infestanti";"A favorire lo sviluppo delle erbe del prato";"Alla sterilizzazione del suolo";"A";"2"
"A che cosa servono i fungicidi?";"A combattere le malattie crittogamiche delle piante coltivate";"Esclusivamente ad eliminare i funghi nelle fungaie a fine ciclo produttivo";"A distruggere le foglie attaccate dal marciume";"A";"2"
"Da chi viene autorizzata l'etichetta di un prodotto fitosanitario?";"Dalla Regione";"Dal Ministero delle Politiche Agricole, Alimentari e Forestali";"Dal Ministero della Salute";"C";"1"
"Cosa si intende per sostanza attiva?";"Una sostanza che aumenta l'efficacia del prodotti fitosanitario";"La sostanza contenuta in un prodotto fitosanitario che agisce contro le avversità da combattere";"Un prodotto fitosanitario che può essere acquistato solamente da chi possiede il certificato per utilizzatore professionale";"B";"2"
"Cosa si intende per ""preparato"" o ""formulato commerciale""?";"Solo una miscela di più sostanze attive";"Il prodotto derivante dalla miscelazione con l'acqua";"Il prodotto fitosanitario come acquistato dal distributore";"C";"2"
"Che cosa sono i coformulanti?";"Sostanze che riducono la tossicità della sostanza attiva";"Sostanze che completano il prodotto fitosanitario";"Sostanze che prolungano il tempo di sicurezza";"B";"1"
"Cosa significa il parametro della DL 50 riportata nella scheda di sicurezza?";"Il 50% del prodotto che può essere letale in caso di ingestione accidentale da parte dell'operatore";"La dose che uccide il 50% degli animali sottoposti a trattamento";"La dose da diluire al 50% per avere un'azione letale";"B";"2"
"A cosa si riferisce la CL50 riportata nella scheda di sicurezza?";"Al rischio di tossicità per via cutanea";"Al rischio di tossicità per via inalatoria";"Al rischio di tossicità per ingestione";"B";"1"
"Prodotti fitosanitari diversi contenenti la stessa sostanza attiva possono essere contrassegnati con pittogrammi e frasi di rischio differenti?";"No";"Dipende dalla taglia della confezione del prodotto fitosanitario";"Si";"C";"1"
"Cosa fare nel caso non venga consegnata da parte del venditore la Scheda di Sicurezza (SDS) all'atto dell'acquisto di un prodotto fitosanitario?";"Nulla, perché non è necessaria";"Pretendere il rilascio in quanto obbligatorio";"Nulla, perché le informazioni sono riportate già sull'etichetta";"B";"3"
"Un prodotto contrassegnato dal simbolo del ""punto esclamativo"" indica:";"Prodotto pericoloso";"Prodotto nocivo";"Prodotto non pericoloso";"B";"2"
"Dove possono essere reperiti i prodotti fitosanitari per utilizzatori professionali?";"Da un altro agricoltore in caso di necessità";"Esclusivamente da rivenditori autorizzati";"On line anche in assenza del certificato di utilizzatore professionale";"B";"3"
"Quali sono i rischi connessi all'utilizzo di un prodotto fitosanitario non autorizzato?";"Rischi sanitari per la collettività e danni economici";"Solo rischi legati a frode fiscale per l'agricoltore";"Solo rischi di fitotossicità per la coltura trattata";"A";"2"
"Possono essere acquistati prodotti fitosanitari in confezioni non sigillate o non originali?";"Si, purché si tratti di prodotti poco tossici";"No, in nessun caso";"Solo nel caso il rivenditore ne garantisca la provenienza e l'efficacia";"B";"2"
"Quali sono alcuni requisiti tassativi per l'acquisto ed il commercio dei prodotti fitosanitari?";"La confezione deve essere integra, completa di etichetta ed in vetro";"Confezione originale, numero e data di registrazione del Ministero della Salute, classificazione del prodotto";"Qualora l'acquisto sia fatto tramite ordinazione scritta, non valgono le norme previste per la vendita diretta";"B";"1"
"Per fitotossicità si intende un danno provocato da un prodotto fitosanitario...";"alle colture agrarie";"ad animali e pesci";"all'uomo";"A";"2"
"Chi è responsabile di eventuali intossicazioni dell'operatore durante il trattamento per il cattivo uso dei DPI?";"Chi effettua il trattamento";"Chi ha commissionato il trattamento";"Chi ha venduto il prodotto";"A";"3"
"L'uso del mezzo aereo per i trattamenti fitosanitari in Piemonte è consentito?";"Si sempre";"No, è vietato salvo autorizzazione in deroga";"Si solo sulla vite con droni";"B";"1"
"Cosa sono i metaboliti di una sostanza attiva?";"Solventi derivanti dalla degradazione dei prodotti di partenza";"Prodotti di trasformazione e di degradazione del prodotto di partenza";"Adesivanti derivanti dalla trasformazione del prodotto di partenza";"B";"1"
"Che cosa si intende per coformulanti o coadiuvanti di un prodotto fitosanitario?";"Sostanze di degradazione del prodotto fitosanitario";"Sostanze estranee formatasi nel processo produttivo o durante la conservazione";"Sostanze che migliorano l'azione della sostanza attiva, favorendone la regolare distribuzione e la persistenza";"C";"1"
"Cosa si intende per intervallo di sicurezza?";"L’intervallo minimo di tempo, espresso in giorni, che deve intercorrere tra l'ultimo trattamento con un determinato prodotto fitosanitario e il consumo del prodotto raccolto";"L’intervallo minimo di tempo, espresso in giorni, che deve intercorrere tra l’ultimo trattamento con un determinato prodotto fitosanitario e la raccolta e, per le derrate alimentari immagazzinate, tra l’ultimo trattamento e l’immissione in commercio";"L’intervallo minimo di tempo, espresso in giorni, che deve intercorrere tra l'ultimo trattamento con un determinato prodotto fitosanitario e il trattamento successivo e, per le derrate alimentari immagazzinate, tra l'ultimo trattamento e il loro consumo";"B";"3"
"Cosa si intende per tempo di rientro?";"L’intervallo di tempo che, deve trascorrere tra il trattamento e l’accesso di uomini o animali nella zona trattata";"L’intervento di tempo previsto tra la raccolta del prodotto e la semina della coltura successiva sullo stesso appezzamento";"L’intervallo di tempo previsto tra la raccolta del prodotto trattato e il suo trasporto presso il centro di distribuzione";"A";"3"
"Quando in etichetta non è indicato il tempo di rientro, dopo quanto tempo è buona norma rientrare in un appezzamento trattato senza gli opportuni DPI?";"Almeno 48 ore,";"Il tempo dato dall’intervallo di sicurezza";"Almeno 12 ore";"A";"2"
"Qual è il simbolo che identifica un prodotto “pericoloso” per tossicità acuta ?";"Una croce di S. Andrea bianca inserito in un riquadro romboidale";"Un punto esclamativo inserito in un riquadro romboidale";"Un teschio su ossa incrociate inserito in un riquadro romboidale";"C";"2"
"Chi è responsabile di eventuali danni che potrebbero verificarsi in seguito all’uso dei prodotti fitosanitari in modo non conforme alle indicazioni?";"Colui che ha eseguito il trattamento";"Colui che ha acquistato il prodotto fitosanitario";"Colui che ha venduto il prodotto fitosanitario";"A";"3"
"Cosa si intende per residuo di una sostanza attiva?";"La percentuale di sostanza attiva presente nel prodotto commerciale";"La quantità di sostanza attiva, delle sue impurezze e/o dei suoi prodotti di metabolizzazione, degradazione o reazione, presenti in qualsiasi substrato (suolo, acqua, vegetali, alimenti)";"La quantità di sostanza attiva che residua nel serbatoio della macchina di distribuzione dopo aver effettuato il trattamento";"B";"2"
"Cosa è il registro dei trattamenti?";"Un registro dove si annotano le date di effettuazione dei trattamenti";"Un registro del contoterzista in cui il contoterzista stesso riporta tutti i trattamenti che ha effettuato nell’anno presso i propri clienti";"Un registro dove vengono annotate tutte le informazioni relative ai trattamenti effettuati durante l’anno su ogni appezzamento o coltura";"C";"3"
"Il certificato di abilitazione per utilizzatori professionali viene rinnovato:";"previa frequenza di un corso di almeno 12 ore ed esame";"previo superamento di un esame";"previa frequenza di un corso di 12 ore";"C";"2"
"Il certificato di abilitazione per utilizzatori professionali……";"è anche necessario per l’attività di consulente";"è necessario per l’acquisto e l’utilizzo di tutti i prodotti fitosanitari per uso professionale";"è necessario solo per l’acquisto di tutti i prodotti fitosanitari per uso professionale";"B";"3"
"Chi acquista prodotti fitosanitari ad uso professionale:";"deve esibire al venditore il certificato di abilitazione all’acquisto e all’utilizzo dei prodotti fitosanitari";"se lo ritiene utile, può conservare per un anno, insieme al registro dei trattamenti, la documentazione relativa all’acquisto";"prima dell’acquisto deve dichiarare al venditore l’estensione della superficie che intende trattare";"A";"3"
"Un agricoltore che affida i trattamenti fitosanitari ad un contoterzista deve:";"verificare che sia in possesso del certificato di utilizzatore professionale";"verificare che sia in possesso del certificato di abilitazione alla vendita";"verificare che sia in possesso del certificato di abilitazione alla professione di contoterzista";"A";"3"
"Che cosa si intende per Limite Massimo di Residui (LMR) di una sostanza attiva?";"La quantità massima di sostanza attiva ammessa sui vegetali al momento della raccolta";"La quantità massima di sostanza attiva che residua nella botte al termine del trattamento";"La quantità massima di sostanza attiva ammessa sui vegetali al momento della commercializzazione";"C";"1"
"Cosa si intende per soglia di intervento?";"L’intervallo di date entro le quali è economicamente vantaggioso effettuare un trattamento";"La valutazione del costo del trattamento rispetto ai ricavi ipotetici per la vendita del prodotto finale";"Il limite di infezione o di infestazione oltre il quale è necessario intervenire per evitare danni economici";"C";"3"
"I prodotti fitosanitari ad uso non professionale per piante edibili (PFnPE):";"possono essere acquistati presso i rivenditori autorizzati esclusivamente da coloro che possiedono il certificato di abilitazione per utilizzatori non professionali";"possono essere acquistati ovunque e solo dagli utilizzatori non professionali";"possono essere acquistati presso i rivenditori autorizzati sia dagli utilizzatori non professionali che da coloro che possiedono il certificato di abilitazione";"C";"2"
"E’ possibile utilizzare prodotti fitosanitari di cui sia stata revocata l’autorizzazione?";"Sì, in qualsiasi momento purché acquistato prima della data di revoca";"Sì, purché per l'utilizzo si seguano le indicazioni del consulente";"No, in nessun caso dopo il termine di utilizzo previsto dalla comunicazione di revoca";"C";"3"
"Quali responsabilità assume chi acquista prodotti fitosanitari?";"Nessuna responsabilità";"È considerato responsabile solo se il prodotto non viene utilizzato secondo le indicazioni del produttore";"La responsabilità diretta di modalità idonee di trasporto, conservazione e di impiego del prodotto e del corretto smaltimento delle confezioni";"C";"2"
"Il certificato di abilitazione per utilizzatori professionali può essere ceduto ad un’altra persona per acquistare prodotti fitosanitari?";"Sì, se viene utilizzato per acquistare prodotti fitosanitari presso la rivendita di fiducia";"No, in quanto è un documento personale";"Sì, ma solo se viene ceduto a un familiare o a un coadiuvante";"B";"3"
"Quale pittogramma è riportato sull’etichetta di un prodotto fitosanitario pericoloso per l’ambiente?";"Un pesce";"Un albero privo di foglie e un pesce";"Un punto esclamativo";"B";"2"
"Quali sono le attività regolamentate dal PAN?";"Il finanziamento dei corsi finalizzati al conseguimento dei certificati fitosantari";"L'uso sostenibile dei prodotti fitosanitari";"L'autorizzazione all'impiego di organismi geneticamente modificati";"B";"1"
"E’ obbligatorio registrare i trattamenti con prodotti fitosanitari alle colture agricole?";"Sì, ma solo quando non si utilizzano prodotti autorizzati in agricoltura biologica";"Sì, sempre";"No, è obbligatorio solo nel caso in cui il trattamento abbia procurato fastidio a qualcuno";"B";"3"
"Il registro dei trattamenti deve esser compilato solo per i trattamenti effettuati nelle aziende agricole?";"Sì, indipendentemente dalla coltura trattata";"No, anche per i trattamenti effettuati negli orti e giardini familiari";"No, anche per i trattamenti per la difesa delle derrate alimentari e per gli impieghi extra-agricoli";"C";"2"
"Nel caso in cui non ci si rivolga ad un contoterzista, da chi deve essere compilato il registro dei trattamenti?";"Dall’organizzazione professionale di categoria o dal commercialista";"Da chi ha effettuato il trattamento";"Da chi ha venduto il prodotto fitosanitario utilizzato per il trattamento";"B";"3"
"Per effettuare i trattamenti fitosanitari in modo da soddisfare gli obblighi in materia di salute e di sicurezza sul lavoro il lavoratore deve:";"essere informato sul rispetto dell’orario di lavoro, formato a lavorare in qualsiasi circostanza atmosferica e addestrato a sopportare le fatiche";"essere formato ed addestrato all’uso delle misure protettive";"partecipare ad un corso di formazione sui DPI";"B";"2"
"Il non rispetto delle indicazioni riportate in etichetta relativamente alle indicazioni per la tutela della salute o dell'ambiente puo' comportare:";"un richiamo per il possessore del certificato";"la sospensione del certificato per un periodo di tempo";"esclusivamente una sanzione amministrativa";"B";"3"
"In riferimento ai prodotti fitosanitari autorizzati ritirati o revisionati, esistono delle informazioni elettronicamente accessibili al pubblico rese disponibili dalle autorità competenti?";"Sì, sul sito web del Ministero delle Politiche Agricole e Forestali nella banca dati prodotti fitosanitari revocati";"Sì, sul sito web del Ministero della Salute nella banca dati prodotti fitosanitari";"No, esistono solo le schede di sicurezza (SDS) in formato cartaceo consegnate dal rivenditore";"B";"2"
"Nel caso in cui dovessero verificarsi fenomeni di deriva dovuti all'utilizzo non corretto del prodotto fitosanitario nella fase di distribuzione della miscela:";"all'utilizzatore professionale viene fatto un richiamo verbale dai Carabinieri Forestali";"l'utilizzatore professionale viene invitato a sospendere il trattamento";"all'utilizzatore professionale viene sospeso per un periodo di tempo il certificato da parte dell'autorità competente";"C";"3"
"Nel caso di utilizzo di un prodotto fitosanitario da parte di un conto terzista in ambito extra agricolo:";"è necessario annotare il trattamento sul registro dei trattamenti";"non è necessario annotare il trattamento sul registro essendo in ambito extra agricolo";"è necessario annotare il trattamento solo nel caso in cui siano utilizzati prodotti pericolosi per l’ambiente";"A";"2"
"Come sono etichettati e contrassegnati i prodotti fitosanitari sensibilizzanti per inalazione?";"Con un teschio nero su ossa incrociate inserite in un quadrato rettangolare di colore giallo-arancio e la scritta “Irritante”";"Con la sola scritta “Nocivo”, senza nessun contrassegno e disegno particolare";"Con un pittogramma a forma di losanga con fondo bianco e bordo rosso contenente il simbolo della persona danneggiata di colore nero e la scritta “pericolo”.";"C";"2"
"E’ necessario acquisire il certificato da utilizzatore professionale per acquistare prodotti fitosanitari pericolosi per l’ambiente?";"No, perchè non sono pericolosi per la salute dell’uomo";"Il certificato è obbligatorio per tutti i prodotti fitosanitari ad uso professionale";"Solo quando vengono irrorati su seminativi in pieno campo";"B";"2"
"La scheda di dati di sicurezza di un prodotto fitosanitario può essere consegnata su supporto magnetico o per via elettronica?";"Sì, ma solo se si dichiara di essere in possesso di un computer o di essere collegati a internet";"No, la scheda di dati di sicurezza deve essere consegnata sempre a mano in fotocopia cartacea";"No, la scheda di dati di sicurezza deve essere consegnata sempre a mano in originale";"A";"2"
"Gli insetti e gli acari presenti sulle colture, sono tutti dannosi?";"No, perché molti sono predatori e parassiti di organismi nocivi";"Sì, specialmente su alcune coltivazioni agricole";"No, se sono ormai diventati adulti";"A";"1"
"In quale gruppo si deve scegliere il prodotto da utilizzare per combattere gli afidi dannosi alle colture?";"Insetticidi";"Fungicidi";"Acaricidi";"A";"3"
"Le tecniche di lotta biologica possono essere utilizzate solo in agricoltura biologica?";"Sì, perché lotta e agricoltura biologica sono la stessa cosa";"Sì, poiché bisogna aderire ad un regolamento comunitario specifico";"No, anche al di fuori del contesto dell’agricoltura biologica";"C";"2"
"Cosa si intende per difesa integrata?";"L’uso congiunto e razionale di mezzi agronomici, fisici, biologici e chimici";"L’utilizzo di trattori a trazione integrale per l’effettuazione di trattamenti";"L’insieme integrato di anticrittogamici ed insetticidi";"A";"3"
"Cosa sono i trattamenti a calendario?";"Quelli consigliati sui lunari";"Quelli effettuati a scopo cautelativo a date fisse uguali ogni anno";"Quelli effettuati a scopo cautelativo in momenti prestabiliti senza tenere conto della presenza del parassita";"C";"2"
"Cosa si intende per lotta biologica?";"L’uso esclusivo dei fattori naturali che limitano l’azione degli agenti nocivi per le colture";"L’uso di prodotti fitosanitari biologici secondo calendari predisposti";"L’uso di fitosanitari di sintesi in tempi e modi stabiliti in base al grado di infestazione e alle condizioni meteorologiche";"A";"1"
"Quali prodotti fitosanitari possono essere usati per la produzione biologica?";"Nessuno";"Solo quelli definiti “biologici”";"Solo quelli previsti da una apposita normativa";"C";"3"
"Nelle macchine irroratrici ad alto volume la quantità di prodotto da irrorare per ettaro, rispetto a quelle a basso volume, è...";"maggiore";"minore";"circa uguale";"C";"1"
"La taratura e il controllo funzionale delle macchine irroratrici sono necessarie per:";"eseguire meno trattamenti";"ridurre i tempi necessari per i trattamenti";"ridurre le perdite di prodotti fitosanitari nell’ambiente";"C";"3"
"Ai fini della sicurezza individuale è più pericoloso utilizzare una irroratrice...";"trainata";"a spalla";"portata";"C";"2"
"La tracimazione della miscela di prodotto fitosanitario dall’attrezzatura utilizzata per effettuare il trattamento è da evitare?";"No, purché avvenga sulla coltura da trattare";"Sì, sempre";"Sì, se si tratta di prodotti pericolosi per l’ambiente acquatico";"B";"3"
"Può una coltura diventare un’infestante per la coltura che segue?";"Sì, sempre";"No, mai";"Sì, è possibile";"C";"1"
"Qual è un possibile mezzo di previsione delle infezioni fungine utile a valutare la necessità di trattamenti?";"Il controllo dei parametri meteorologici";"Non esistono mezzi adatti";"Il controllo del colore delle foglie";"A";"3"
"Cosa può provocare la pratica della monocoltura con impiego di prodotti fitosanitari?";"L’accumulo nel terreno di sostanze attive ed il selezionarsi di organismi dannosi alle colture resistenti ai prodotti fitosanitari";"L’accumulo di sostanza organica nel terreno e la specializzazione della micro fauna terricola";"Il peggioramento della struttura del terreno";"A";"3"
"E’ corretto eseguire i trattamenti fitosanitari a calendario seguendo le fasi fenologiche?";"Sì, perché si è sicuri di colpire in tempo l’avversità da combattere";"No, perché non si è certi che l’avversità sia realmente presente o abbia raggiunto un livello di dannosità per la coltura";"Sì, solo se si usano prodotti fungicidi";"B";"3"
"I nematodi fitoparassiti possono trasmettere virosi?";"Sì, sempre";"No, mai";"Solo alcune specie sono in grado di trasmettere determinati virus";"C";"1"
"Il controllo funzionale delle attrezzature deve essere eseguito";"dall’agricoltore";"in una qualsiasi officina meccanica";"presso Centri riconosciuti dalle Regioni da parte di tecnici abilitati";"C";"3"
"Qual è l’operazione più corretta per contrastare la comparsa di resistenza ad un sostanza attiva?";"Alternare l’utilizzo con un’altra sostanza attiva con diverso meccanismo di azione";"Aumentare il dosaggio della stessa sostanza attiva riducendo il numero di trattamenti";"Aumentare il numero degli interventi riducendo la quantità di sostanza attiva usata per ogni trattamento";"A";"3"
"Quale deve essere il comportamento nel caso in cui le confezioni presenti nel locale adibito a magazzino dei prodotti fitosanitari si rompano e fuoriescano quantità anche minime di prodotto fitosanitario?";"Occorre lavare la superficie imbrattata con acqua e convogliare il residuo nella fognatura per evitare l’inquinamento ambientale";"Occorre pulire le superfici imbrattate, raccogliere il prodotto, se liquido, con materiale assorbente quale segatura o sabbia per impedire che il prodotto finisca nella fognatura e smaltire il rifiuto secondo le norme vigenti";"Occorre intervenire provvedendo ad asciugare la superficie con una spugna o con uno strofinaccio";"B";"3"
"Per stemperare il formulato è meglio utilizzare";"sempre lo stesso recipiente";"un recipiente diverso per ciascun tipo di prodotto";"un dispositivo pre-miscelatore";"C";"1"
"Com’è giusto che sia il serbatoio della macchina irroratrice?";"Con pareti interne lisce, con spigoli e con agitatore";"Con pareti interne lisce, senza spigoli e con agitatore";"Con pareti interne ruvide, senza spigoli e con agitatore";"B";"2"
"Se durante la distribuzione di un prodotto fitosanitario con barra irroratrice l’altezza di lavoro della barra stessa è piuttosto elevata si hanno:";"eccessive sovrapposizioni dei getti";"corrette sovrapposizioni dei getti";"zone non trattate";"A";"3"
"Quando l’altezza di lavoro della barra irroratrice è troppo vicina al suolo si hanno:";"eccessive sovrapposizioni dei getti";"corrette sovrapposizioni dei getti";"zone non trattate";"C";"3"
"Cosa accade quando il volume di distribuzione è troppo elevato?";"Gocciolamento a terra del prodotto";"Dispersione in atmosfera del prodotto a causa delle gocce troppo piccole";"Buona diluizione della sostanza attiva e ripartizione uniforme su grandi superfici";"A";"3"
"Con temperature alte e umidità relativa bassa si deve assolutamente evitare:";"l’applicazione di alti volumi di distribuzione";"l’applicazione di medi volumi di distribuzione";"l’applicazione di bassi volumi di distribuzione";"C";"2"
"Quali di questi controlli rientrano tra quelli relativi al controllo funzionale delle macchine irroratrici?";"Pulizia dei filtri, controllo e pulizia degli ugelli, controllo della pressione dei pneumatici";"Lubrificazione degli snodi, controllo del regolatore di pressione, controllo dell’anemometro";"Controllo della portata, del manometro, dell’impianto idraulico, dell’assetto delle barre";"C";"2"
"Qual è lo scopo della taratura delle macchine?";"Adattare l’irroratrice alla coltura da trattare ed alla sua fase vegetativa";"Verificare che la distribuzione del prodotto fitosanitario sia effettuata nel momento corretto";"Verificare i parametri di uniformità, funzionalità e tenuta dei diversi componenti della macchina";"A";"3"
"Il controllo funzionale, la regolazione e la manutenzione delle macchine irroratrici sono necessarie per:";"fare meno trattamenti poiché aumenta notevolmente l’efficienza dell’attrezzatura";"ridurre i tempi necessari per i trattamenti poiché si utilizzano minori quantità d’acqua, avendo la possibilità di operare a più bassi volumi";"ridurre gli effetti negativi sulla salute e l’ambiente e migliorare l'efficacia dei trattamenti";"C";"3"
"Alcuni prodotti fitosanitari possono essere impiegati per trattamenti di zone non agricole?";"Sì, basta che sia indicata l'avversità da trattare";"No, mai";"Solo quando è specificamente indicato in etichetta";"C";"1"
"Cosa sono i prodotti fitosanitari pronti all’impiego?";"Sono tutti i prodotti preparati e confezionati pronti per l’uso";"Sono esclusivamente i prodotti che si possono acquistare senza certificato per utilizzatore professionale";"Sono prodotti che non richiedono l’utilizzo di DPI";"A";"1"
"Che azione svolge un prodotto fungicida di copertura?";"Preventiva: impedisce lo sviluppo dell’infezione";"Curativa: consente di combattere la malattia durante l’incubazione";"Eradicante: blocca lo sviluppo di infezioni già manifeste";"A";"2"
"Un prodotto aficida può essere impiegato su qualsiasi coltura per la lotta contro gli afidi?";"Sì, se l’infestazione è molto elevata";"No, solo sulle colture indicate in etichetta";"Sì, in quanto è un prodotto specifico";"B";"3"
"Quando vengono miscelati due o più prodotti fitosanitari con intervalli di sicurezza diversi, dopo quanti giorni si può effettuare la raccolta?";"Dopo il numero di giorni indicati sul prodotto con l’intervallo di sicurezza più lungo";"Dopo il numero di giorni indicati per il prodotto più tossico";"Dopo un numero di giorni derivanti dalla somma dell’intervallo di sicurezza dei prodotti miscelati";"A";"3"
"L’intervallo di sicurezza di un prodotto fitosanitario varia se viene diminuita la concentrazione d’impiego?";"No, non subisce nessuna variazione";"Sì, diminuisce proporzionalmente alle concentrazioni";"Sì, diminuisce riducendo la quantità di acqua impiegata";"A";"3"
"Il lavaggio o la conservazione dei prodotti ortofrutticoli successivi alla raccolta modificano l’intervallo di sicurezza di un prodotto fitosanitario applicato in campo?";"Sì, l’intervallo di sicurezza viene annullato";"No, rimane inalterato l’intervallo di sicurezza";"Sì, l’intervallo di sicurezza viene ridotto se il lavaggio è effettuato subito dopo la raccolta";"B";"3"
"Nel caso di vegetali destinati alla trasformazione industriale, surgelati o conservati, si deve o no tenere conto dell’intervallo di sicurezza?";"No, se i prodotti vengono lavati con cura immediatamente dopo la raccolta";"Sì, si deve tener conto";"No, non si deve tener conto perché il prodotto è consumato dopo un certo intervallo di tempo";"B";"2"
"La deriva del prodotto fitosanitario è un fenomeno ….";"da evitare perché causa perdita di prodotto e inquinamento di aree limitrofe con pericolo per la salute e l’ambiente";"da non considerare in giornate assolate perché in genere i prodotti fitosanitari si degradano rapidamente con la luce solare";"favorevole perché garantisce un’ottimale copertura della vegetazione";"A";"3"
"Un prodotto fitosanitario concentrato può essere impiegato tal quale?";"Sì, sempre";"No, mai";"Sì, se indicato in etichetta";"C";"2"
"Che cosa bisogna fare delle sementi conciate e avanzate dalla semina?";"Sottoporle a lavaggio e destinarle all’alimentazione animale";"Generalmente considerarle rifiuti “speciali” e smaltirle secondo quanto stabilito dalle normative nazionali e locali";"Bruciarle nella confezione originale";"B";"2"
"Le formulazioni in granuli di prodotti fitosanitari possono essere maneggiate a mani nude?";"Sì, se sono biologiche";"No";"Solamente se c’è a disposizione acqua per lavarsi";"B";"2"
"Con i prodotti fitosanitari a base di insetticidi possono essere trattati gli animali da allevamento?";"Solamente se non somministrati con gli alimenti";"No, mai";"Sì, ma devono restare separati dagli altri animali e non possono essere commercializzati i prodotti derivanti dal loro allevamento per almeno 15 giorni";"B";"2"
"Effettuato il trattamento di un frutteto con un formulato che non riporta indicazioni sul tempo di rientro, quanto tempo è buona norma attendere prima di poter procedere al diradamento nel frutteto stesso in assenza di opportuni dispositivi di protezione Individuale (DPI)?";"Almeno 72 ore";"Almeno 48 ore";"Almeno 60 ore";"B";"3"
"Se si rende necessario eseguire un trattamento in prossimità della raccolta, quale tipo di prodotto fitosanitario occorre impiegare?";"Un prodotto fitosanitario con un tempo di rientro inferiore all'intervallo che intercorre fra il trattamento e la commercializzazione del prodotto";"Un prodotto fitosanitario con un intervallo di sicurezza inferiore all'intervallo che intercorre fra il trattamento e la raccolta del prodotto";"Un prodotto fitosanitario autorizzato in agricoltura biologica purché il prodotto raccolto venga lavato accuratamente prima della vendita";"B";"3"
"E’ possibile impiegare prodotti fitosanitari per scopi diversi da quelli indicati in etichetta?";"No";"Sì, basta che sia riportata la coltura che si vuole trattare";"Sì, basta sia riportata l’avversità che si vuole combattere";"A";"3"
"Come devono essere conservati i prodotti fitosanitari?";"È sufficiente che siano tenuti separati da sostanze alimentari o mangimi";"In un luogo appartato nell’abitazione dell’utilizzatore professionale";"In appositi locali o in appositi armadi ambedue da tenere chiusi a chiave";"C";"3"
"E’ possibile miscelare prodotti fitosanitari diversi?";"Sì, previa consultazione delle indicazioni di compatibilità in etichetta";"Sì, solo nel caso abbiano il medesimo meccanismo d’azione";"No, mai";"A";"3"
"Un prodotto fitosanitario può essere impiegato su qualsiasi coltura?";"Sì, basta che sia riportata l’avversità che si vuole combattere";"No, solo per le colture indicate in etichetta";"Può essere impiegato per altre colture solamente dopo aver ottenuto l’autorizzazione da parte del Settore Fitosanitario regionale.";"B";"3"
"I prodotti fitosanitari possono essere prestati ad altre persone?";"No, in nessun caso";"Solamente se si è certi che il loro impiego avvenga in modo corretto";"Sì, se queste persone sono in possesso del certificato";"A";"3"
"Che cosa si intende per selettività di un insetticida?";"la capacità di agire sugli insetti nocivi pur essendo di bassa tossicità per l’uomo";"la capacità di eliminare tutti gli insetti presenti nella coltura";"la capacità di eliminare gli insetti nocivi rispettando il più possibile gli insetti utili";"C";"2"
"Non rispettare l’epoca di intervento riportata sull’etichetta di un diserbante può dar luogo a:";"nessun danno perché i diserbanti vengono applicati solo in presemina";"danni consistenti alla coltura";"danni consistenti solo se si interviene dopo una pioggia";"B";"1"
"L’uso ripetuto di erbicidi con lo stesso principio attivo può dar luogo:";"a fenomeni di fitotossicità";"alla selezione di malerbe resistenti agli erbicidi impiegati";"al mal funzionamento della barra irroratrice";"B";"3"
"Quando un erbicida è selettivo?";"Quando solo le piante infestanti sono danneggiate mentre la coltura non risente del trattamento";"Quando solo la coltura è danneggiata mentre le erbe infestanti sono risparmiate";"Quando sia la coltura che le erbe infestanti vengono danneggiate dal trattamento";"A";"2"
"Cosa si intende per organismi non bersaglio?";"Tutti gli organismi non oggetto del trattamento che possono subire, in modo diretto o indiretto, qualsiasi forma di condizionamento a seguito della distribuzione del prodotto fitosanitario";"Tutti gli organismi che muoiono a seguito della distribuzione del prodotto fitosanitario";"Tutti gli organismi presenti nei corpi idrici";"A";"1"
"Prima di miscelare due prodotti fitosanitari per un trattamento bisogna:";"leggere attentamente la voce “compatibilità” sulle due etichette";"preparare due soluzioni distinte e poi unirle";"preparare una dose doppia di acqua perché i prodotti sono due";"A";"2"
"Un prodotto registrato contro la peronospora della vite può essere utilizzato contro la peronospora della patata?";"Sì, in quanto è un prodotto specifico contro la peronospora";"Sì, anche se si tratta di una coltura frutticola e una orticola";"Solo se riporta in etichetta anche la patata come coltura autorizzata";"C";"3"
"L’intervallo di sicurezza di un prodotto fitosanitario varia se viene diminuita la dose di impiego?";"Non varia";"Diminuisce se si riduce anche la quantità di acqua impiegata";"Diminuisce proporzionalmente alle concentrazioni";"A";"1"
"Dovendo fare un trattamento su colture ortive a raccolta scalare";"bisogna rispettare l’intervallo di sicurezza per tutte le raccolte";"non bisogna rispettare l’intervallo di sicurezza in quanto la raccolta è frazionata nel tempo";"bisogna rispettare l’intervallo di sicurezza soltanto per l’ultima raccolta";"A";"3"
"Se si effettuano trattamenti della frutta in post-raccolta prima di immetterla sul mercato è necessario";"rispettare l’intervallo di sicurezza";"pulirla meccanicamente";"effettuare gli opportuni lavaggi prima dell’immissione in commercio";"A";"2"
"Quando si effettuano trattamenti con prodotti fitosanitari da diluire è opportuno";"scaricare la soluzione avanzata in un campo non coltivato";"preparare il quantitativo di soluzione effettivamente necessario per il trattamento";"scaricare la soluzione avanzata nella fognatura evitando sversamenti";"B";"3"
"Quali fenomeni si possono riscontrare impiegando un erbicida a dose più alta di quella consigliata?";"Fitotossicità per la coltura";"Aumento della produzione, perché si eliminano tutte le infestanti";"Nessuno, se dato in pre-emergenza";"A";"2"
"Tutti i prodotti fitosanitari possono essere distribuiti nelle serre?";"Sì, basta che in etichetta siano riportate l'avversità e la coltura";"No, nelle serre è vietato l'uso di qualsiasi prodotto fitosanitario";"Sì, quelli nei quali è specificato in etichetta";"C";"3"
"L’indicazione riportata in una etichetta di un prodotto fitosanitario di una dose di 1,5 litri per ettaro equivale a :";"1,5 litri per 10 are di terreno";"1,5 litri per 1.000 metri quadrati di terreno";"0,75 litri per 5.000 metri quadrati di terreno";"C";"3"
"Nel caso che si debba trattare 9.000 metri quadrati di terreno e la dose prescitta in etichetta sia di un litro di prodotto fitosanitario per ettaro si dovrà preparare una soluzione utilizzando:";"0,09 litri di prodotto fitosanitario";"0,9 litri di prodotto fitosanitario";"9 litri di prodotto fitosanitario";"B";"3"
"Passando da un’attrezzatura a volume normale ad una a basso volume la dose di prodotto fitosanitario per ettaro indicata in etichetta deve cambiare?";"No";"Si";"Dipende dal prodotto";"A";"2"